outletId,chargerId,position,type,physicalPosition,cableLength,producer,errorCode,hycErrorCode,status,text,updateTime,isPrivate
131019,20800,1,CCS2_400,1.0,500,,NoError,NoError,Charging,No Error,2024-09-03T20:33:19+00:00,False
131020,20800,2,CCS2_400,4.0,500,,NoError,NoError,Available,No Error,2024-09-03T10:03:11+00:00,False
114049,17737,1,CCS2_400,1.0,500,,NoError,NoError,Available,No Error,2024-09-03T18:14:17+00:00,False
114050,17737,2,CCS2_400,4.0,500,,NoError,NoError,Available,No Error,2024-09-03T18:02:03+00:00,False
1463518,83776,1,CCS2_400,1.0,500,,NoError,,Available,No Error,2024-09-02T17:50:29+00:00,False
1463519,83776,2,CCS2_400,4.0,500,,NoError,,Available,No Error,2024-09-03T12:10:57+00:00,False
128240,19519,1,CCS2_400,1.0,500,,NoError,NoError,Available,No Error,2024-09-02T07:20:37+00:00,False
128241,19519,2,CCS2_400,4.0,500,,NoError,NoError,Available,No Error,2024-09-01T09:23:34+00:00,False
128256,19531,1,CCS2_400,1.0,500,,NoError,NoError,Available,No Error,2024-09-03T19:46:41+00:00,False
128257,19531,2,CCS2_400,4.0,500,,NoError,NoError,Available,No Error,2024-09-03T18:12:41+00:00,False
131037,20793,1,CCS2_400,1.0,500,,NoError,NoError,Available,No Error,2024-09-03T15:38:38+00:00,False
131038,20793,2,CCS2_400,4.0,500,,NoError,NoError,Available,No Error,2024-09-03T14:03:10+00:00,False
89456,13422,1,CCS2_400,1.0,500,,NoError,NoError,Available,No Error,2024-09-03T17:47:37+00:00,False
89457,13422,2,CCS2_400,4.0,500,,NoError,NoError,Available,No Error,2024-09-03T14:54:45+00:00,False
43866,6727,1,CCS2_400,1.0,500,,NoError,NoError,Unavailable,No Error,2023-08-27T09:45:36+00:00,False
43867,6727,2,CCS2_400,4.0,500,,NoError,NoError,Unavailable,No Error,2023-08-27T09:45:47+00:00,False
523166,36831,1,CCS2_400,1.0,500,,NoError,NoError,Available,No Error,2024-09-03T19:17:14+00:00,False
523167,36831,2,CCS2_400,4.0,500,,NoError,NoError,Available,No Error,2024-09-03T19:47:57+00:00,False
63936,9919,1,CCS2_400,1.0,500,,NoError,NoError,Available,No Error,2024-09-03T08:47:48+00:00,False
63937,9919,2,CCS2_400,4.0,500,,NoError,NoError,Available,No Error,2024-09-03T18:22:41+00:00,False
113894,16942,1,CCS2_400,1.0,500,,NoError,NoError,Available,No Error,2024-09-03T14:33:30+00:00,False
113895,16942,2,CCS2_400,4.0,500,,NoError,NoError,Available,No Error,2024-09-03T18:56:39+00:00,False
62636,9005,1,CCS2_400,1.0,500,,NoError,NoError,Available,No Error,2024-09-02T16:24:18+00:00,False
62637,9005,2,CCS2_400,4.0,500,,NoError,NoError,Available,No Error,2024-09-02T16:24:06+00:00,False
89466,13425,1,CCS2_400,1.0,500,,NoError,NoError,Available,No Error,2024-09-03T14:28:07+00:00,False
89467,13425,2,CCS2_400,4.0,500,,NoError,NoError,Available,No Error,2024-09-03T11:38:03+00:00,False
127903,19529,1,CCS2_400,1.0,500,,NoError,NoError,Available,No Error,2024-09-03T13:32:35+00:00,False
127904,19529,2,CCS2_400,4.0,500,,NoError,NoError,Available,No Error,2024-09-03T18:21:26+00:00,False
57303,8934,1,CCS2_400,1.0,500,,NoError,NoError,Available,No Error,2024-09-03T12:08:00+00:00,False
57304,8934,2,CCS2_400,4.0,500,,NoError,NoError,Available,No Error,2024-09-03T06:51:28+00:00,False
63108,9817,1,CCS2_400,1.0,500,,NoError,NoError,Available,No Error,2024-09-03T15:38:03+00:00,False
63109,9817,2,CCS2_400,4.0,500,,NoError,NoError,Available,No Error,2024-09-03T15:29:02+00:00,False
84012,12619,1,CCS2_400,1.0,500,,NoError,NoError,Available,No Error,2024-09-03T11:42:50+00:00,False
84013,12619,2,CCS2_400,4.0,500,,NoError,NoError,Available,No Error,2024-09-03T18:16:50+00:00,False
1462575,83765,1,CCS2_400,1.0,500,,NoError,NoError,Available,No Error,2024-09-03T13:51:23+00:00,False
1462576,83765,2,CCS2_400,4.0,500,,NoError,NoError,Available,No Error,2024-09-03T16:15:20+00:00,False
89642,13447,1,CCS2_400,1.0,500,,NoError,NoError,Available,No Error,2024-09-03T14:16:02+00:00,False
89643,13447,2,CCS2_400,4.0,500,,NoError,NoError,Available,No Error,2024-09-03T13:55:15+00:00,False
90739,9835,1,CCS2_400,1.0,500,,NoError,NoError,Available,No Error,2024-09-03T18:23:18+00:00,False
90740,9835,2,CCS2_400,4.0,500,,NoError,NoError,Available,No Error,2024-09-03T18:04:24+00:00,False
131974,20805,1,CCS2_400,1.0,500,,NoError,NoError,Available,No Error,2024-09-03T17:45:31+00:00,False
131975,20805,2,CCS2_400,4.0,500,,NoError,NoError,Available,No Error,2024-09-03T15:16:19+00:00,False
57307,8936,1,CCS2_400,1.0,500,,NoError,NoError,Available,No Error,2024-09-03T13:49:59+00:00,False
57308,8936,2,CCS2_400,4.0,500,,NoError,NoError,Available,No Error,2024-09-03T16:31:49+00:00,False
128719,20791,1,CCS2_400,1.0,500,,NoError,NoError,Available,No Error,2024-09-02T09:33:05+00:00,False
128720,20791,2,CCS2_400,4.0,500,,NoError,NoError,Available,No Error,2024-09-03T14:03:46+00:00,False
114905,17813,1,CCS2_400,1.0,500,,NoError,NoError,Available,No Error,2024-09-03T08:40:35+00:00,False
114906,17813,2,CCS2_400,4.0,500,,NoError,NoError,Charging,No Error,2024-09-03T19:55:31+00:00,False
89470,13426,1,CCS2_400,1.0,500,,NoError,NoError,Available,No Error,2024-09-03T17:30:59+00:00,False
89471,13426,2,CCS2_400,4.0,500,,NoError,NoError,Available,No Error,2024-09-02T15:31:47+00:00,False
71688,10582,1,CCS2_400,1.0,500,,NoError,NoError,Available,No Error,2024-09-03T11:26:50+00:00,False
71689,10582,2,CCS2_400,4.0,500,,NoError,NoError,Available,No Error,2024-09-03T07:06:45+00:00,False
111973,17424,1,CCS2_400,1.0,500,,NoError,NoError,Available,No Error,2024-09-03T11:14:19+00:00,False
111974,17424,2,CCS2_400,4.0,500,,NoError,NoError,Available,No Error,2024-09-03T08:26:03+00:00,False
77292,10545,1,CCS2_400,1.0,500,,NoError,NoError,Available,No Error,2024-09-03T16:53:18+00:00,False
77293,10545,2,CCS2_400,4.0,500,,NoError,NoError,Available,No Error,2024-09-03T20:06:13+00:00,False
1363314,71210,1,CCS2_400,1.0,500,,NoError,NoError,Available,No Error,2024-09-02T10:31:40+00:00,False
1363315,71210,2,CCS2_400,4.0,500,,NoError,NoError,Available,No Error,2024-09-03T09:04:14+00:00,False
89442,13417,1,CCS2_400,1.0,500,,NoError,NoError,Available,No Error,2024-09-03T19:19:48+00:00,False
89443,13417,2,CCS2_400,4.0,500,,NoError,NoError,Available,No Error,2024-09-03T14:31:22+00:00,False
753591,16939,1,CCS2_400,1.0,500,Amphenol,NoError,NoError,Available,No Error,2024-09-03T15:51:50+00:00,False
753592,16939,2,CCS2_400,4.0,500,Amphenol,NoError,NoError,Available,No Error,2024-09-03T17:19:57+00:00,False
131045,20795,1,CCS2_400,1.0,500,,NoError,NoError,Available,No Error,2024-09-03T10:33:17+00:00,False
131046,20795,2,CCS2_400,4.0,500,,NoError,NoError,Available,No Error,2024-09-02T17:06:52+00:00,False
84010,12618,1,CCS2_400,1.0,500,,OtherError,Output_Disabled_IsoFaultPersistent,Faulted,,2024-08-30T08:02:59+00:00,False
84011,12618,2,CCS2_400,4.0,500,,NoError,NoError,SuspendedEVSE,No Error,2024-09-03T20:37:04+00:00,False
62263,9262,1,CCS2_400,1.0,500,,NoError,NoError,Charging,No Error,2024-09-03T09:41:57+00:00,False
62264,9262,2,CCS2_400,4.0,500,,NoError,NoError,Available,No Error,2024-09-03T08:25:06+00:00,False
121870,13448,1,CCS2_400,1.0,500,Amphenol,NoError,NoError,Available,No Error,2024-09-03T13:53:15+00:00,False
121871,13448,2,CCS2_400,4.0,500,Amphenol,NoError,NoError,Available,No Error,2024-09-03T11:42:35+00:00,False
128244,19522,1,CCS2_400,1.0,500,,NoError,NoError,Available,No Error,2024-09-03T18:55:43+00:00,False
128245,19522,2,CCS2_400,4.0,500,,NoError,NoError,Available,No Error,2024-09-03T15:27:23+00:00,False
131041,20794,1,CCS2_400,1.0,500,,NoError,NoError,Available,No Error,2024-09-03T15:54:42+00:00,False
131042,20794,2,CCS2_400,4.0,500,,NoError,NoError,Available,No Error,2024-09-03T15:57:39+00:00,False
1485208,83789,1,CCS2_400,1.0,500,,NoError,NoError,Available,No Error,2024-09-02T17:57:24+00:00,False
1485209,83789,2,CCS2_400,4.0,500,,NoError,NoError,Available,No Error,2024-09-03T14:05:45+00:00,False
127901,19524,1,CCS2_400,1.0,500,,NoError,NoError,Available,No Error,2024-09-03T13:43:02+00:00,False
127902,19524,2,CCS2_400,4.0,500,,NoError,NoError,Available,No Error,2024-09-03T13:54:13+00:00,False
63387,9729,1,CCS2_400,1.0,500,,NoError,NoError,Available,No Error,2024-09-03T16:56:24+00:00,False
63388,9729,2,CCS2_400,4.0,500,,NoError,NoError,Available,No Error,2024-09-03T18:30:46+00:00,False
132812,19744,1,CCS2_400,1.0,500,,NoError,NoError,Available,No Error,2024-09-03T17:12:12+00:00,False
132813,19744,2,CCS2_400,4.0,500,,NoError,NoError,Available,No Error,2024-09-03T18:38:07+00:00,False
127893,19516,1,CCS2_400,1.0,500,,NoError,NoError,Available,No Error,2024-09-02T09:59:02+00:00,False
127894,19516,2,CCS2_400,4.0,500,,NoError,NoError,Available,No Error,2024-09-01T22:38:54+00:00,False
138179,19749,1,CCS2_400,1.0,500,,NoError,NoError,Available,No Error,2024-09-03T16:49:26+00:00,False
138180,19749,2,CCS2_400,4.0,500,,NoError,NoError,Available,No Error,2024-09-03T13:55:45+00:00,False
71101,10550,1,CCS2_400,1.0,500,,NoError,NoError,Available,No Error,2024-09-03T16:08:57+00:00,False
71102,10550,2,CCS2_400,4.0,500,,NoError,NoError,Available,No Error,2024-09-03T11:07:31+00:00,False
132821,19741,1,CCS2_400,1.0,500,,NoError,NoError,Available,No Error,2024-09-03T17:47:31+00:00,False
132823,19741,2,CCS2_400,4.0,500,,NoError,NoError,Available,No Error,2024-09-03T12:34:58+00:00,False
68948,10287,1,CCS2_400,1.0,500,,NoError,NoError,Available,No Error,2024-09-03T11:45:44+00:00,False
68949,10287,2,CCS2_400,4.0,500,,NoError,NoError,Available,No Error,2024-09-03T14:41:39+00:00,False
128242,19521,1,CCS2_400,1.0,500,,NoError,NoError,Available,No Error,2024-09-03T17:09:21+00:00,False
128243,19521,2,CCS2_400,4.0,500,,NoError,NoError,Available,No Error,2024-09-03T16:22:26+00:00,False
89448,13419,1,CCS2_400,1.0,500,,NoError,NoError,Available,No Error,2024-09-03T14:36:49+00:00,False
89449,13419,2,CCS2_400,4.0,500,,NoError,NoError,Available,No Error,2024-09-03T17:48:22+00:00,False
63401,9843,1,CCS2_400,1.0,500,,NoError,NoError,Available,No Error,2024-09-03T08:10:51+00:00,False
63402,9843,2,CCS2_400,4.0,500,,NoError,NoError,Available,No Error,2024-09-03T08:47:05+00:00,False
90173,11427,1,CCS2_400,1.0,500,,NoError,NoError,Available,No Error,2024-09-03T11:20:30+00:00,False
90174,11427,2,CCS2_400,4.0,500,,NoError,NoError,Available,No Error,2024-09-03T14:23:33+00:00,False
127891,19515,1,CCS2_400,1.0,500,,NoError,NoError,Available,No Error,2024-09-03T12:45:14+00:00,False
127892,19515,2,CCS2_400,4.0,500,,NoError,NoError,Available,No Error,2024-09-03T16:37:47+00:00,False
121864,13442,1,CCS2_400,1.0,500,Amphenol,NoError,NoError,Available,No Error,2024-09-03T16:48:40+00:00,False
121865,13442,2,CCS2_400,4.0,500,Amphenol,NoError,NoError,Available,No Error,2024-09-03T16:48:46+00:00,False
89460,13423,1,CCS2_400,1.0,500,,NoError,NoError,Available,No Error,2024-09-03T18:45:02+00:00,False
89461,13423,2,CCS2_400,4.0,500,,NoError,NoError,Available,No Error,2024-09-03T17:58:38+00:00,False
1463166,83753,1,CCS2_400,1.0,500,,NoError,V2G_Error,Available,No Error,2024-09-03T18:18:59+00:00,False
1463167,83753,2,CCS2_400,4.0,500,,NoError,NoError,Charging,No Error,2024-09-03T20:18:46+00:00,False
114199,16943,1,CCS2_400,1.0,500,,NoError,NoError,Available,No Error,2024-09-03T20:11:05+00:00,False
114200,16943,2,CCS2_400,4.0,500,,NoError,NoError,Available,No Error,2024-09-03T15:21:12+00:00,False
63399,9842,1,CCS2_400,1.0,500,,NoError,NoError,Available,No Error,2024-09-03T13:31:25+00:00,False
63400,9842,2,CCS2_400,4.0,500,,NoError,NoError,Available,No Error,2024-09-03T11:56:55+00:00,False
1491916,83820,1,CCS2_400,1.0,500,,NoError,NoError,Available,No Error,2024-09-03T16:42:35+00:00,False
1491917,83820,2,CCS2_400,4.0,500,,NoError,NoError,Available,No Error,2024-09-03T15:52:22+00:00,False
1463186,83762,1,CCS2_400,1.0,500,,EVCommunicationError,TCP_POLLRDHUP,Finishing,TCP Error,2024-09-03T20:32:32+00:00,False
1463187,83762,2,CCS2_400,4.0,500,,NoError,NoError,Available,No Error,2024-09-03T20:30:48+00:00,False
128248,19526,1,CCS2_400,1.0,500,,NoError,NoError,Available,No Error,2024-09-03T14:11:14+00:00,False
128249,19526,2,CCS2_400,4.0,500,,NoError,NoError,Available,No Error,2024-09-03T07:32:19+00:00,False
71072,10547,1,CCS2_400,1.0,500,,NoError,NoError,Available,No Error,2024-09-03T20:23:30+00:00,False
71073,10547,2,CCS2_400,4.0,500,,NoError,NoError,Available,No Error,2024-09-03T19:47:06+00:00,False
51432,8113,1,CCS2_400,1.0,500,,NoError,NoError,Available,No Error,2024-09-03T20:22:31+00:00,False
51433,8113,2,CCS2_400,4.0,500,,NoError,NoError,Available,No Error,2024-09-03T15:02:37+00:00,False
1463430,83779,1,CCS2_400,1.0,500,,NoError,NoError,Available,No Error,2024-09-03T10:08:05+00:00,False
1463431,83779,2,CCS2_400,4.0,500,,NoError,,Available,No Error,2024-09-03T13:23:21+00:00,False
1462569,83754,1,CCS2_400,1.0,500,,NoError,NoError,Available,No Error,2024-09-03T19:39:47+00:00,False
1462570,83754,2,CCS2_400,4.0,500,,NoError,NoError,Available,No Error,2024-09-03T18:10:23+00:00,False
131047,20796,1,CCS2_400,1.0,500,,NoError,NoError,Available,No Error,2024-09-03T13:09:50+00:00,False
131048,20796,2,CCS2_400,4.0,500,,NoError,NoError,Available,No Error,2024-09-02T11:45:36+00:00,False
121934,9834,1,CCS2_400,1.0,500,Amphenol,NoError,NoError,Available,No Error,2024-09-03T18:21:56+00:00,False
121935,9834,2,CCS2_400,4.0,500,Amphenol,NoError,NoError,Available,No Error,2024-09-03T16:12:40+00:00,False
43862,6725,1,CCS2_400,1.0,500,,NoError,NoError,Available,No Error,2024-09-03T14:42:08+00:00,False
43863,6725,2,CCS2_400,4.0,500,,NoError,NoError,Available,No Error,2024-09-03T14:01:43+00:00,False
57007,8897,1,CCS2_400,1.0,500,,NoError,NoError,Available,No Error,2024-09-03T17:40:55+00:00,False
57008,8897,2,CCS2_400,4.0,500,,NoError,NoError,Available,No Error,2024-09-03T17:54:41+00:00,False
131017,20799,1,CCS2_400,1.0,500,,NoError,NoError,Unavailable,Connection lost.,2024-08-22T03:00:04+00:00,False
131018,20799,2,CCS2_400,4.0,500,,NoError,NoError,Unavailable,Connection lost.,2024-08-22T03:00:04+00:00,False
62500,9726,1,CCS2_400,1.0,500,,NoError,NoError,Available,No Error,2024-09-03T20:16:35+00:00,False
62501,9726,2,CCS2_400,4.0,500,,NoError,NoError,Available,No Error,2024-09-03T14:00:05+00:00,False
114538,16935,1,CCS2_400,1.0,500,,NoError,NoError,Available,No Error,2024-09-03T11:20:18+00:00,False
114539,16935,2,CCS2_400,4.0,500,,NoError,NoError,Available,No Error,2024-09-03T13:46:21+00:00,False
51430,8112,1,CCS2_400,1.0,500,,NoError,NoError,Available,No Error,2024-09-02T11:26:01+00:00,False
51431,8112,2,CCS2_400,4.0,500,,NoError,NoError,Available,No Error,2024-09-03T11:47:29+00:00,False
127895,19517,1,CCS2_400,1.0,500,,NoError,NoError,Available,No Error,2024-09-03T17:31:04+00:00,False
127896,19517,2,CCS2_400,4.0,500,,NoError,NoError,Available,No Error,2024-09-02T12:26:26+00:00,False
1326340,76421,1,CCS2_400,1.0,500,,NoError,NoError,Available,No Error,2024-09-03T09:36:20+00:00,False
1326341,76421,2,CCS2_400,4.0,500,,NoError,NoError,Available,No Error,2024-09-02T08:19:33+00:00,False
63391,9838,1,CCS2_400,1.0,500,,NoError,NoError,Available,No Error,2024-09-03T15:18:16+00:00,False
63392,9838,2,CCS2_400,4.0,500,,NoError,NoError,Available,No Error,2024-09-03T15:36:23+00:00,False
1463192,83768,1,CCS2_400,1.0,500,,NoError,NoError,Available,No Error,2024-09-03T18:36:05+00:00,False
1463193,83768,2,CCS2_400,4.0,500,,NoError,,Available,No Error,2024-09-03T17:47:16+00:00,False
114542,16934,1,CCS2_400,1.0,500,,NoError,NoError,Available,No Error,2024-09-03T18:56:19+00:00,False
114543,16934,2,CCS2_400,4.0,500,,NoError,NoError,Available,No Error,2024-09-03T18:20:04+00:00,False
84016,11428,1,CCS2_400,1.0,500,,OtherError,Output_Disabled_IsoFaultPersistent,Unavailable,Connection lost.,2024-04-24T03:00:04+00:00,False
84017,11428,2,CCS2_400,4.0,500,,OtherError,Output_Disabled_IsoFaultPersistent,Unavailable,Connection lost.,2024-04-24T03:00:04+00:00,False
114197,16946,1,CCS2_400,1.0,500,,NoError,NoError,Available,No Error,2024-09-03T14:53:18+00:00,False
114198,16946,2,CCS2_400,4.0,500,,NoError,NoError,Available,No Error,2024-09-03T10:51:05+00:00,False
114895,17808,1,CCS2_400,1.0,500,,NoError,NoError,Available,No Error,2024-09-03T11:54:26+00:00,False
114896,17808,2,CCS2_400,4.0,500,,NoError,NoError,Available,No Error,2024-09-03T14:27:11+00:00,False
63389,9837,1,CCS2_400,1.0,500,,NoError,NoError,Available,No Error,2024-09-03T08:58:25+00:00,False
63390,9837,2,CCS2_400,4.0,500,,NoError,NoError,Available,No Error,2024-09-03T18:23:00+00:00,False
42848,6590,1,CCS2_400,1.0,500,,NoError,NoError,Available,No Error,2024-09-03T16:51:51+00:00,False
42849,6590,2,CCS2_400,4.0,500,,NoError,NoError,Available,No Error,2024-09-03T12:00:57+00:00,False
131992,20809,1,CCS2_400,1.0,500,,NoError,NoError,Available,No Error,2024-09-02T10:33:38+00:00,False
131993,20809,2,CCS2_400,4.0,500,,NoError,NoError,Available,No Error,2024-09-03T09:22:38+00:00,False
71066,10544,1,CCS2_400,1.0,500,,NoError,NoError,Available,No Error,2024-09-02T10:59:10+00:00,False
71067,10544,2,CCS2_400,4.0,500,,NoError,NoError,Available,No Error,2024-09-03T16:45:09+00:00,False
113892,16944,1,CCS2_400,1.0,500,,NoError,NoError,Available,No Error,2024-09-03T11:18:58+00:00,False
113893,16944,2,CCS2_400,4.0,500,,NoError,NoError,Available,No Error,2024-09-03T11:18:41+00:00,False
84004,12615,1,CCS2_400,1.0,500,,NoError,NoError,Available,No Error,2024-09-03T15:41:31+00:00,False
84005,12615,2,CCS2_400,4.0,500,,NoError,NoError,Available,No Error,2024-09-03T17:49:01+00:00,False
72004,10584,1,CCS2_400,1.0,500,,NoError,NoError,Available,No Error,2024-09-03T17:46:45+00:00,False
72005,10584,2,CCS2_400,4.0,500,,NoError,NoError,Available,No Error,2024-09-02T09:42:20+00:00,False
113890,16951,1,CCS2_400,1.0,500,,NoError,NoError,Available,No Error,2024-09-03T16:00:42+00:00,False
113891,16951,2,CCS2_400,4.0,500,,NoError,NoError,Available,No Error,2024-09-03T16:05:10+00:00,False
131978,20798,1,CCS2_400,1.0,500,,NoError,NoError,Available,No Error,2024-09-03T15:59:51+00:00,False
131979,20798,2,CCS2_400,4.0,500,,NoError,NoError,Available,No Error,2024-09-03T16:03:41+00:00,False
51422,8109,1,CCS2_400,1.0,500,,NoError,NoError,Available,No Error,2024-09-03T18:13:42+00:00,False
51423,8109,2,CCS2_400,4.0,500,,NoError,NoError,Available,No Error,2024-09-03T16:31:47+00:00,False
131972,20804,1,CCS2_400,1.0,500,,NoError,NoError,Available,No Error,2024-09-03T18:14:14+00:00,False
131973,20804,2,CCS2_400,4.0,500,,NoError,NoError,Available,No Error,2024-09-03T11:04:57+00:00,False
90737,9008,1,CCS2_400,1.0,500,,NoError,NoError,Available,No Error,2024-09-03T20:29:37+00:00,False
90738,9008,2,CCS2_400,4.0,500,,NoError,NoError,Available,No Error,2024-09-03T13:39:49+00:00,False
114043,17734,1,CCS2_400,1.0,500,,NoError,NoError,Available,No Error,2024-09-03T15:58:05+00:00,False
114044,17734,2,CCS2_400,4.0,500,,NoError,NoError,Available,No Error,2024-09-02T18:47:31+00:00,False
63934,9918,1,CCS2_400,1.0,500,,NoError,NoError,Available,No Error,2024-09-03T15:22:55+00:00,False
63935,9918,2,CCS2_400,4.0,500,,NoError,NoError,Available,No Error,2024-09-03T12:23:28+00:00,False
114909,17815,1,CCS2_400,1.0,500,,NoError,NoError,Available,No Error,2024-09-03T16:27:32+00:00,False
114910,17815,2,CCS2_400,4.0,500,,NoError,NoError,Available,No Error,2024-09-03T16:09:56+00:00,False
58454,9088,1,CCS2_400,1.0,500,,NoError,NoError,Unavailable,No Error,2024-08-31T07:15:35+00:00,False
58455,9088,2,CCS2_400,4.0,500,,NoError,NoError,Unavailable,No Error,2024-08-31T07:27:15+00:00,False
95398,6708,1,CCS2_400,1.0,500,,NoError,NoError,Available,No Error,2024-09-03T13:42:21+00:00,False
95399,6708,2,CCS2_400,4.0,500,,NoError,NoError,Available,No Error,2024-09-03T12:39:44+00:00,False
52544,8111,1,CCS2_400,1.0,500,,NoError,NoError,Available,No Error,2024-09-03T13:48:28+00:00,False
52545,8111,2,CCS2_400,4.0,500,,NoError,NoError,Available,No Error,2024-09-03T12:44:26+00:00,False
51374,6724,1,CCS2_400,1.0,500,,NoError,NoError,Available,No Error,2024-09-03T08:10:54+00:00,False
51375,6724,2,CCS2_400,4.0,500,,NoError,NoError,Available,No Error,2024-09-03T11:58:48+00:00,False
131033,20790,1,CCS2_400,1.0,500,,NoError,NoError,Available,No Error,2024-09-03T16:45:26+00:00,False
131034,20790,2,CCS2_400,4.0,500,,NoError,NoError,Available,No Error,2024-09-03T13:20:45+00:00,False
51434,8114,1,CCS2_400,1.0,500,,NoError,NoError,Available,No Error,2024-09-03T10:47:01+00:00,False
51435,8114,2,CCS2_400,4.0,500,,NoError,NoError,Available,No Error,2024-09-03T11:24:45+00:00,False
62644,9010,1,CCS2_400,1.0,500,,NoError,NoError,Available,No Error,2024-09-03T06:17:36+00:00,False
62645,9010,2,CCS2_400,4.0,500,,NoError,NoError,Available,No Error,2024-09-03T15:24:31+00:00,False
60126,9219,1,CCS2_400,1.0,500,,NoError,NoError,Available,No Error,2024-09-03T18:51:04+00:00,False
60127,9219,2,CCS2_400,4.0,500,,NoError,NoError,Available,No Error,2024-09-03T17:23:27+00:00,False
114903,17812,1,CCS2_400,1.0,500,,NoError,NoError,Available,No Error,2024-09-02T16:13:25+00:00,False
114904,17812,2,CCS2_400,4.0,500,,NoError,NoError,Available,No Error,2024-09-03T07:14:50+00:00,False
114522,16948,1,CCS2_400,1.0,500,,NoError,NoError,Available,No Error,2024-09-02T17:04:01+00:00,False
114523,16948,2,CCS2_400,4.0,500,,NoError,NoError,Available,No Error,2024-09-03T19:58:01+00:00,False
128258,19532,1,CCS2_400,1.0,500,,NoError,NoError,Available,No Error,2024-09-03T10:18:59+00:00,False
128259,19532,2,CCS2_400,4.0,500,,NoError,NoError,Available,No Error,2024-09-03T16:53:50+00:00,False
114207,16933,1,CCS2_400,1.0,500,,NoError,NoError,Available,No Error,2024-09-03T14:24:45+00:00,False
114208,16933,2,CCS2_400,4.0,500,,NoError,NoError,Available,No Error,2024-09-03T16:00:22+00:00,False
114191,16950,1,CCS2_400,1.0,500,,NoError,NoError,Available,No Error,2024-09-03T18:20:11+00:00,False
114192,16950,2,CCS2_400,4.0,500,,NoError,NoError,Available,No Error,2024-09-03T18:03:39+00:00,False
70521,10539,1,CCS2_400,1.0,500,,NoError,NoError,Available,No Error,2024-09-03T14:38:19+00:00,False
70522,10539,2,CCS2_400,4.0,500,,NoError,NoError,Available,No Error,2024-09-03T14:38:19+00:00,False
60671,8933,1,CCS2_400,1.0,500,,NoError,NoError,Available,No Error,2024-09-03T16:20:48+00:00,False
60672,8933,2,CCS2_400,4.0,500,,NoError,NoError,Available,No Error,2024-09-03T18:33:24+00:00,False
127899,19523,1,CCS2_400,1.0,500,,NoError,NoError,Available,No Error,2024-09-03T19:22:07+00:00,False
127900,19523,2,CCS2_400,4.0,500,,NoError,NoError,Available,No Error,2024-09-03T14:32:15+00:00,False
89464,13424,1,CCS2_400,1.0,500,,NoError,NoError,Available,No Error,2024-09-03T18:22:00+00:00,False
89465,13424,2,CCS2_400,4.0,500,,NoError,NoError,Available,No Error,2024-09-03T17:48:50+00:00,False
114975,17820,1,CCS2_400,1.0,500,,NoError,NoError,Charging,No Error,2024-09-03T20:01:21+00:00,False
114976,17820,2,CCS2_400,4.0,500,,NoError,NoError,Available,No Error,2024-09-03T18:34:58+00:00,False
114913,17817,1,CCS2_400,1.0,500,,NoError,NoError,Available,No Error,2024-09-02T20:05:42+00:00,False
114914,17817,2,CCS2_400,4.0,500,,NoError,NoError,Available,No Error,2024-09-02T16:11:51+00:00,False
114193,16949,1,CCS2_400,1.0,500,,NoError,NoError,Available,No Error,2024-09-03T12:25:37+00:00,False
114194,16949,2,CCS2_400,4.0,500,,NoError,NoError,Available,No Error,2024-09-03T11:46:16+00:00,False
126125,13443,1,CCS2_400,1.0,500,,NoError,NoError,Available,No Error,2024-09-03T19:32:39+00:00,False
126126,13443,2,CCS2_400,4.0,500,,NoError,NoError,Available,No Error,2024-09-03T20:03:08+00:00,False
89452,13421,1,CCS2_400,1.0,500,,NoError,NoError,Available,No Error,2024-09-03T14:31:24+00:00,False
89453,13421,2,CCS2_400,4.0,500,,NoError,NoError,Available,No Error,2024-09-03T14:31:24+00:00,False
86240,10583,1,CCS2_400,1.0,500,,NoError,NoError,Available,No Error,2024-09-03T08:40:53+00:00,False
86241,10583,2,CCS2_400,4.0,500,,NoError,NoError,Available,No Error,2024-09-03T15:07:34+00:00,False
1462998,83756,1,CCS2_400,1.0,500,,NoError,,Available,No Error,2024-09-03T05:48:39+00:00,False
1462999,83756,2,CCS2_400,4.0,500,,NoError,,Available,No Error,2024-09-03T18:49:29+00:00,False
93234,9087,1,CCS2_400,1.0,500,,NoError,NoError,Available,No Error,2024-09-03T13:20:21+00:00,False
93235,9087,2,CCS2_400,4.0,500,,NoError,NoError,Available,No Error,2024-09-03T11:36:02+00:00,False
89450,13420,1,CCS2_400,1.0,500,,NoError,NoError,Available,No Error,2024-09-02T14:35:00+00:00,False
89451,13420,2,CCS2_400,4.0,500,,NoError,NoError,Available,No Error,2024-09-03T15:48:01+00:00,False
77276,10268,1,CCS2_400,1.0,500,,NoError,NoError,Available,No Error,2024-09-03T12:07:57+00:00,False
77277,10268,2,CCS2_400,4.0,500,,NoError,NoError,Available,No Error,2024-09-03T10:42:24+00:00,False
115092,12616,1,CCS2_400,1.0,500,,NoError,NoError,Available,No Error,2024-09-03T16:29:11+00:00,False
115093,12616,2,CCS2_400,4.0,500,,NoError,NoError,Available,No Error,2024-09-03T19:40:09+00:00,False
114051,17738,1,CCS2_400,1.0,500,,NoError,NoError,Available,No Error,2024-09-03T12:35:03+00:00,False
114052,17738,2,CCS2_400,4.0,500,,NoError,NoError,Available,No Error,2024-09-01T18:40:51+00:00,False
71074,10548,1,CCS2_400,1.0,500,,NoError,NoError,Available,No Error,2024-09-03T12:02:17+00:00,False
71075,10548,2,CCS2_400,4.0,500,,NoError,NoError,Available,No Error,2024-09-03T20:09:19+00:00,False
63403,9844,1,CCS2_400,1.0,500,,NoError,NoError,Available,No Error,2024-09-03T13:58:31+00:00,False
63404,9844,2,CCS2_400,4.0,500,,NoError,NoError,Available,No Error,2024-09-02T12:17:09+00:00,False
132807,19746,1,CCS2_400,1.0,500,,NoError,NoError,Available,No Error,2024-09-03T12:03:47+00:00,False
132809,19746,2,CCS2_400,4.0,500,,NoError,NoError,Available,No Error,2024-09-03T18:21:38+00:00,False
132816,19743,1,CCS2_400,1.0,500,,NoError,NoError,Available,No Error,2024-09-03T17:01:26+00:00,False
132820,19743,2,CCS2_400,4.0,500,,NoError,NoError,Available,No Error,2024-09-03T20:02:58+00:00,False
71070,10546,1,CCS2_400,1.0,500,,NoError,NoError,Available,No Error,2024-09-03T14:28:08+00:00,False
71071,10546,2,CCS2_400,4.0,500,,NoError,NoError,Available,No Error,2024-09-03T11:42:53+00:00,False
128246,19525,1,CCS2_400,1.0,500,,NoError,NoError,Available,No Error,2024-09-03T18:57:47+00:00,False
128247,19525,2,CCS2_400,4.0,500,,NoError,NoError,Available,No Error,2024-09-03T15:19:12+00:00,False
52535,8118,1,CCS2_400,1.0,500,,NoError,NoError,Available,No Error,2024-09-03T16:16:37+00:00,False
52536,8118,2,CCS2_400,4.0,500,,NoError,NoError,Available,No Error,2024-09-03T16:20:01+00:00,False
114053,17739,1,CCS2_400,1.0,500,,NoError,NoError,Available,No Error,2024-09-03T18:10:35+00:00,False
114054,17739,2,CCS2_400,4.0,500,,NoError,NoError,Available,No Error,2024-09-03T16:06:32+00:00,False
114524,16945,1,CCS2_400,1.0,500,,NoError,NoError,Available,No Error,2024-09-03T07:48:51+00:00,False
114525,16945,2,CCS2_400,4.0,500,,NoError,NoError,Available,No Error,2024-09-03T14:25:17+00:00,False
121932,13441,1,CCS2_400,1.0,500,Amphenol,NoError,NoError,Available,No Error,2024-09-03T16:10:31+00:00,False
121933,13441,2,CCS2_400,4.0,500,Amphenol,NoError,NoError,Available,No Error,2024-09-03T15:54:46+00:00,False
111971,17423,1,CCS2_400,1.0,500,,NoError,NoError,Available,No Error,2024-09-03T17:25:27+00:00,False
111972,17423,2,CCS2_400,4.0,500,,NoError,NoError,Available,No Error,2024-09-03T20:33:37+00:00,False
51424,8110,1,CCS2_400,1.0,500,,NoError,NoError,Available,No Error,2024-09-03T08:10:04+00:00,False
51425,8110,2,CCS2_400,4.0,500,,NoError,NoError,Available,No Error,2024-09-03T11:23:57+00:00,False
114893,17807,1,CCS2_400,1.0,500,,NoError,NoError,Available,No Error,2024-09-03T12:06:27+00:00,False
114894,17807,2,CCS2_400,4.0,500,,NoError,NoError,Available,No Error,2024-09-02T15:41:38+00:00,False
111969,17422,1,CCS2_400,1.0,500,,NoError,NoError,Available,No Error,2024-09-03T17:28:52+00:00,False
111970,17422,2,CCS2_400,4.0,500,,NoError,NoError,Available,No Error,2024-09-03T06:54:38+00:00,False
114911,17816,1,CCS2_400,1.0,500,,NoError,NoError,Available,No Error,2024-09-03T18:33:45+00:00,False
114912,17816,2,CCS2_400,4.0,500,,NoError,NoError,Available,No Error,2024-09-03T18:51:24+00:00,False
70519,10538,1,CCS2_400,1.0,500,,NoError,NoError,Available,No Error,2024-09-03T12:25:59+00:00,False
70520,10538,2,CCS2_400,4.0,500,,NoError,NoError,Available,No Error,2024-09-02T13:47:19+00:00,False
127897,19520,1,CCS2_400,1.0,500,,NoError,NoError,Available,No Error,2024-09-03T12:44:31+00:00,False
127898,19520,2,CCS2_400,4.0,500,,NoError,NoError,Available,No Error,2024-09-03T16:45:11+00:00,False
128254,19530,1,CCS2_400,1.0,500,,NoError,NoError,Available,No Error,2024-09-03T16:02:19+00:00,False
128255,19530,2,CCS2_400,4.0,500,,NoError,NoError,Available,No Error,2024-09-03T16:30:04+00:00,False
63397,9841,1,CCS2_400,1.0,500,,NoError,NoError,Available,No Error,2024-09-03T19:11:30+00:00,False
63398,9841,2,CCS2_400,4.0,500,,NoError,NoError,Available,No Error,2024-09-03T19:57:32+00:00,False
131976,20807,1,CCS2_400,1.0,500,,NoError,NoError,Available,No Error,2024-09-03T17:25:36+00:00,False
131977,20807,2,CCS2_400,4.0,500,,NoError,NoError,Available,No Error,2024-09-03T19:02:32+00:00,False
63385,9836,1,CCS2_400,1.0,500,,NoError,NoError,Available,No Error,2024-09-03T12:11:56+00:00,False
63386,9836,2,CCS2_400,4.0,500,,NoError,NoError,Available,No Error,2024-09-03T11:11:27+00:00,False
62640,9007,1,CCS2_400,1.0,500,,NoError,NoError,Available,No Error,2024-09-03T14:09:56+00:00,False
62641,9007,2,CCS2_400,4.0,500,,NoError,NoError,Available,No Error,2024-09-03T08:56:34+00:00,False
63393,9839,1,CCS2_400,1.0,500,,NoError,NoError,Charging,No Error,2024-09-03T20:19:24+00:00,False
63394,9839,2,CCS2_400,4.0,500,,NoError,NoError,Available,No Error,2024-09-03T19:19:48+00:00,False
131964,20806,1,CCS2_400,1.0,500,,NoError,NoError,Available,No Error,2024-09-03T14:39:19+00:00,False
131965,20806,2,CCS2_400,4.0,500,,NoError,NoError,Available,No Error,2024-09-03T16:12:56+00:00,False
131980,20801,1,CCS2_400,1.0,500,,NoError,NoError,Available,No Error,2024-09-03T13:37:33+00:00,False
131981,20801,2,CCS2_400,4.0,500,,NoError,,Available,No Error,2024-09-03T10:51:13+00:00,False
114201,16940,1,CCS2_400,1.0,500,,NoError,NoError,Available,No Error,2024-09-03T13:17:11+00:00,False
114202,16940,2,CCS2_400,4.0,500,,NoError,NoError,Available,No Error,2024-09-03T20:20:40+00:00,False
57299,8932,1,CCS2_400,1.0,500,,NoError,NoError,Available,No Error,2024-09-03T13:26:25+00:00,False
57300,8932,2,CCS2_400,4.0,500,,NoError,NoError,Available,No Error,2024-09-03T13:25:41+00:00,False
128252,19528,1,CCS2_400,1.0,500,,NoError,NoError,Available,No Error,2024-09-03T18:39:38+00:00,False
128253,19528,2,CCS2_400,4.0,500,,NoError,NoError,Available,No Error,2024-09-03T18:17:07+00:00,False
44771,6709,1,CCS2_400,1.0,500,,NoError,NoError,Available,No Error,2024-09-03T19:32:06+00:00,False
44772,6709,2,CCS2_400,4.0,500,,NoError,NoError,Available,No Error,2024-09-03T16:19:02+00:00,False
86242,10288,1,CCS2_400,1.0,500,,NoError,NoError,Available,No Error,2024-09-03T04:27:52+00:00,False
86243,10288,2,CCS2_400,4.0,500,,NoError,NoError,Available,No Error,2024-09-03T17:13:52+00:00,False
115088,9922,1,CCS2_400,1.0,500,,NoError,NoError,Available,No Error,2024-09-03T18:38:30+00:00,False
115089,9922,2,CCS2_400,4.0,500,,NoError,NoError,Available,No Error,2024-09-03T16:16:52+00:00,False
89867,13444,1,CCS2_400,1.0,500,,NoError,NoError,Available,No Error,2024-09-03T19:13:08+00:00,False
89868,13444,2,CCS2_400,4.0,500,,NoError,NoError,Available,No Error,2024-09-03T08:46:33+00:00,False
114296,16936,1,CCS2_400,1.0,500,,NoError,NoError,Unavailable,No Error,2023-11-30T13:04:16+00:00,False
114297,16936,2,CCS2_400,4.0,500,,NoError,Cable_Error_TempDelta,Unavailable,No Error,2023-11-30T13:04:19+00:00,False
1463119,83772,1,CCS2_400,1.0,500,,NoError,,Available,No Error,2024-09-03T10:54:49+00:00,False
1463120,83772,2,CCS2_400,4.0,500,,NoError,NoError,Available,No Error,2024-09-02T15:04:58+00:00,False
114529,16941,1,CCS2_400,1.0,500,,NoError,NoError,Available,No Error,2024-09-03T17:19:42+00:00,False
114530,16941,2,CCS2_400,4.0,500,,NoError,NoError,Available,No Error,2024-09-03T18:19:02+00:00,False
83989,12614,1,CCS2_400,1.0,500,,NoError,NoError,Available,No Error,2024-09-03T14:15:34+00:00,False
83990,12614,2,CCS2_400,4.0,500,,NoError,NoError,Available,No Error,2024-09-03T16:57:22+00:00,False
114897,17809,1,CCS2_400,1.0,500,,NoError,NoError,Available,No Error,2024-09-03T16:36:19+00:00,False
114898,17809,2,CCS2_400,4.0,500,,NoError,NoError,Available,No Error,2024-09-03T10:10:40+00:00,False
114901,17811,1,CCS2_400,1.0,500,,NoError,NoError,Available,No Error,2024-09-03T15:00:19+00:00,False
114902,17811,2,CCS2_400,4.0,500,,NoError,NoError,Available,No Error,2024-09-03T15:24:52+00:00,False
63940,9921,1,CCS2_400,1.0,500,,OtherError,Surge_Arrester_Error,Charging,Surge Arrester Error,2024-09-03T20:20:49+00:00,True
63941,9921,2,CCS2_400,4.0,500,,OtherError,Surge_Arrester_Error,Available,Surge Arrester Error,2024-09-03T11:23:26+00:00,True
89444,13418,1,CCS2_400,1.0,500,,NoError,NoError,Available,No Error,2024-09-03T19:44:09+00:00,False
89445,13418,2,CCS2_400,4.0,500,,NoError,NoError,Available,No Error,2024-09-03T17:38:50+00:00,False
1463188,83759,1,CCS2_400,1.0,500,,NoError,NoError,Available,No Error,2024-09-03T17:33:52+00:00,False
1463189,83759,2,CCS2_400,4.0,500,,NoError,NoError,Available,No Error,2024-09-03T18:43:47+00:00,False
114195,16947,1,CCS2_400,1.0,500,,NoError,NoError,Unavailable,Connection lost.,2024-07-15T03:00:02+00:00,False
114196,16947,2,CCS2_400,4.0,500,,NoError,NoError,Unavailable,Connection lost.,2024-07-15T03:00:02+00:00,False
114189,16952,1,CCS2_400,1.0,500,,NoError,NoError,Available,No Error,2024-09-03T14:23:03+00:00,False
114190,16952,2,CCS2_400,4.0,500,,NoError,NoError,Available,No Error,2024-09-03T16:29:00+00:00,False
52558,8117,1,CCS2_400,1.0,500,,NoError,NoError,Available,No Error,2024-09-03T17:20:45+00:00,False
52559,8117,2,CCS2_400,4.0,500,,NoError,NoError,Available,No Error,2024-09-03T17:19:52+00:00,False
122620,11457,1,CCS2_400,1.0,500,,NoError,NoError,Available,No Error,2024-09-03T12:31:15+00:00,False
122621,11457,2,CCS2_400,4.0,500,,NoError,NoError,Available,No Error,2024-09-03T18:31:23+00:00,False
1463198,83767,1,CCS2_400,1.0,500,,NoError,NoError,Available,No Error,2024-09-03T18:17:30+00:00,False
1463199,83767,2,CCS2_400,4.0,500,,NoError,NoError,Available,No Error,2024-09-03T13:37:58+00:00,False
62726,9725,1,CCS2_400,1.0,500,,NoError,NoError,Available,No Error,2024-09-02T20:28:35+00:00,False
62727,9725,2,CCS2_400,4.0,500,,NoError,NoError,Available,No Error,2024-09-03T16:43:56+00:00,False
63395,9840,1,CCS2_400,1.0,500,,NoError,NoError,Available,No Error,2024-09-03T12:52:31+00:00,False
63396,9840,2,CCS2_400,4.0,500,,NoError,NoError,Available,No Error,2024-09-03T19:10:31+00:00,False
62646,9264,1,CCS2_400,1.0,500,,NoError,NoError,Available,No Error,2024-09-03T17:14:01+00:00,False
62647,9264,2,CCS2_400,4.0,500,,NoError,NoError,Available,No Error,2024-09-03T19:28:36+00:00,False
83987,12613,1,CCS2_400,1.0,500,,NoError,NoError,Available,No Error,2024-09-03T18:20:24+00:00,False
83988,12613,2,CCS2_400,4.0,500,,NoError,NoError,Available,No Error,2024-09-03T16:47:53+00:00,False
51438,8116,1,CCS2_400,1.0,500,,OtherError,Output_Disabled_IsoFaultPersistent,Faulted,,2024-08-07T14:30:08+00:00,False
51439,8116,2,CCS2_400,4.0,500,,NoError,NoError,Available,No Error,2024-09-03T14:07:51+00:00,False
60124,9218,1,CCS2_400,1.0,500,,NoError,NoError,Available,No Error,2024-09-03T19:34:05+00:00,False
60125,9218,2,CCS2_400,4.0,500,,NoError,NoError,Available,No Error,2024-09-02T08:53:58+00:00,False
128260,19533,1,CCS2_400,1.0,500,,NoError,NoError,Unavailable,Connection lost.,2023-09-16T03:00:02+00:00,False
128261,19533,2,CCS2_400,4.0,500,,NoError,NoError,Unavailable,Connection lost.,2023-09-16T03:00:02+00:00,False
132832,19745,1,CCS2_400,1.0,500,,NoError,NoError,Available,No Error,2024-09-03T15:32:22+00:00,False
132833,19745,2,CCS2_400,4.0,500,,NoError,NoError,Available,No Error,2024-09-03T14:26:10+00:00,False
63938,9920,1,CCS2_400,1.0,500,,NoError,NoError,Available,No Error,2024-09-03T12:28:05+00:00,False
63939,9920,2,CCS2_400,4.0,500,,NoError,NoError,Available,No Error,2024-09-03T17:22:39+00:00,False
95381,8896,1,CCS2_400,1.0,500,,NoError,NoError,Available,No Error,2024-09-03T13:13:44+00:00,False
95382,8896,2,CCS2_400,4.0,500,,NoError,NoError,Available,No Error,2024-09-03T17:11:58+00:00,False
71062,10542,1,CCS2_400,1.0,500,,NoError,NoError,Available,No Error,2024-09-03T17:29:43+00:00,False
71063,10542,2,CCS2_400,4.0,500,,NoError,NoError,Available,No Error,2024-09-03T14:43:22+00:00,False
71641,10541,1,CCS2_400,1.0,500,,NoError,NoError,Charging,No Error,2024-09-03T20:05:28+00:00,False
71642,10541,2,CCS2_400,4.0,500,,NoError,NoError,Available,No Error,2024-09-03T16:26:51+00:00,False
132815,19742,1,CCS2_400,1.0,500,,NoError,NoError,Available,No Error,2024-09-01T16:17:22+00:00,False
132818,19742,2,CCS2_400,4.0,500,,NoError,NoError,Available,No Error,2024-09-01T16:15:57+00:00,False
122528,13416,1,CCS2_400,1.0,500,Amphenol,NoError,NoError,Available,No Error,2024-09-03T18:33:08+00:00,False
122529,13416,2,CCS2_400,4.0,500,Amphenol,NoError,NoError,Available,No Error,2024-09-03T14:21:48+00:00,False
84008,12617,1,CCS2_400,1.0,500,,NoError,NoError,Available,No Error,2024-09-03T14:09:50+00:00,False
84009,12617,2,CCS2_400,4.0,500,,NoError,NoError,Available,No Error,2024-09-03T16:54:32+00:00,False
68013,6726,1,CCS2_400,1.0,500,,NoError,NoError,Available,No Error,2024-09-02T14:54:12+00:00,False
68014,6726,2,CCS2_400,4.0,500,,NoError,NoError,Available,No Error,2024-09-03T16:15:58+00:00,False
114917,17819,1,CCS2_400,1.0,500,,NoError,NoError,Available,No Error,2024-09-03T14:45:44+00:00,False
114918,17819,2,CCS2_400,4.0,500,,NoError,NoError,Available,No Error,2024-09-03T14:06:11+00:00,False
111975,17425,1,CCS2_400,1.0,500,,NoError,NoError,Available,No Error,2024-09-03T18:15:50+00:00,False
111976,17425,2,CCS2_400,4.0,500,,NoError,NoError,Available,No Error,2024-09-03T14:03:59+00:00,False
67506,9466,1,CCS2_400,1.0,500,,NoError,NoError,Available,No Error,2024-09-03T18:50:05+00:00,False
67507,9466,2,CCS2_400,4.0,500,,NoError,NoError,Available,No Error,2024-09-03T16:20:07+00:00,False
51436,8115,1,CCS2_400,1.0,500,,NoError,NoError,Available,No Error,2024-09-03T14:15:49+00:00,False
51437,8115,2,CCS2_400,4.0,500,,NoError,NoError,Available,No Error,2024-09-03T16:32:18+00:00,False
1463156,83775,1,CCS2_400,1.0,500,,NoError,NoError,Available,No Error,2024-09-03T04:40:41+00:00,False
1463157,83775,2,CCS2_400,4.0,500,,NoError,NoError,Available,No Error,2024-09-03T16:00:26+00:00,False
71076,10549,1,CCS2_400,1.0,500,,NoError,NoError,Available,No Error,2024-09-03T11:14:46+00:00,False
71077,10549,2,CCS2_400,4.0,500,,NoError,NoError,Available,No Error,2024-09-03T12:40:42+00:00,False
114907,17814,1,CCS2_400,1.0,500,,NoError,NoError,Available,No Error,2024-09-03T19:07:56+00:00,False
114908,17814,2,CCS2_400,4.0,500,,NoError,NoError,Available,No Error,2024-09-03T20:38:08+00:00,False
518498,39571,1,CCS2_400,1.0,500,,NoError,NoError,Available,No Error,2024-09-03T14:53:44+00:00,False
518499,39571,2,CCS2_400,4.0,500,,NoError,NoError,Available,No Error,2024-09-03T17:13:07+00:00,False
62855,6772,1,CHAdeMO,1.0,350,,NoError,NoError,Available,No Error,2024-09-02T17:01:54+00:00,False
62856,6772,2,AC_Cable,,0,,NoError,NoError,Available,No Error,2024-09-03T16:45:32+00:00,False
1463022,83777,1,CCS2_400,1.0,500,,NoError,,Available,No Error,2024-09-03T18:16:29+00:00,False
1463023,83777,2,CCS2_400,4.0,500,,NoError,,Available,No Error,2024-09-03T13:13:33+00:00,False
1496770,83836,1,CCS2_400,1.0,500,,NoError,NoError,Available,No Error,2024-09-03T16:05:27+00:00,False
1496771,83836,2,CCS2_400,4.0,500,,NoError,NoError,Available,No Error,2024-09-03T14:25:52+00:00,False
62642,9006,1,CCS2_400,1.0,500,,NoError,NoError,Available,No Error,2024-09-03T11:06:11+00:00,False
62643,9006,2,CCS2_400,4.0,500,,NoError,NoError,Available,No Error,2024-09-03T10:38:57+00:00,False
114534,16938,1,CCS2_400,1.0,500,,NoError,NoError,Available,No Error,2024-09-03T11:14:52+00:00,False
114535,16938,2,CCS2_400,4.0,500,,NoError,,Available,No Error,2024-09-03T12:55:22+00:00,False
89875,13446,1,CCS2_400,1.0,500,,NoError,NoError,Available,No Error,2024-09-03T10:39:08+00:00,False
89876,13446,2,CCS2_400,4.0,500,,NoError,NoError,Available,No Error,2024-09-03T13:35:43+00:00,False
71103,10551,1,CCS2_400,1.0,500,,NoError,NoError,Available,No Error,2024-09-03T17:41:37+00:00,False
71104,10551,2,CCS2_400,4.0,500,,NoError,NoError,Available,No Error,2024-09-03T13:53:06+00:00,False
131994,20810,1,CCS2_400,1.0,500,,NoError,NoError,Available,No Error,2024-09-03T11:32:55+00:00,False
131995,20810,2,CCS2_400,4.0,500,,NoError,NoError,Available,No Error,2024-09-03T20:22:48+00:00,False
132834,19747,1,CCS2_400,1.0,500,,NoError,NoError,Available,No Error,2024-09-03T19:37:03+00:00,False
132835,19747,2,CCS2_400,4.0,500,,NoError,NoError,Available,No Error,2024-09-03T15:19:24+00:00,False
62037,6771,1,CHAdeMO,1.0,350,,NoError,NoError,Available,No Error,2024-09-01T21:56:27+00:00,False
62038,6771,2,AC_Cable,,0,,NoError,NoError,Available,No Error,2024-09-02T15:02:45+00:00,False
114205,16937,1,CCS2_400,1.0,500,,NoError,NoError,Available,No Error,2024-09-02T17:20:48+00:00,False
114206,16937,2,CCS2_400,4.0,500,,NoError,NoError,Available,No Error,2024-09-03T15:02:59+00:00,False
114899,17810,1,CCS2_400,1.0,500,,NoError,NoError,Available,No Error,2024-09-03T16:13:31+00:00,False
114900,17810,2,CCS2_400,4.0,500,,NoError,NoError,Available,No Error,2024-09-03T13:28:26+00:00,False
71064,10543,1,CCS2_400,1.0,500,,NoError,NoError,Available,No Error,2024-09-03T14:37:35+00:00,False
71065,10543,2,CCS2_400,4.0,500,,NoError,NoError,Available,No Error,2024-09-03T14:37:35+00:00,False
114055,17740,1,CCS2_400,1.0,500,,NoError,NoError,Available,No Error,2024-09-03T07:18:25+00:00,False
114056,17740,2,CCS2_400,4.0,500,,NoError,NoError,Available,No Error,2024-09-03T13:34:01+00:00,False
128250,19527,1,CCS2_400,1.0,500,,NoError,NoError,Available,No Error,2024-09-03T10:34:13+00:00,False
128251,19527,2,CCS2_400,4.0,500,,NoError,NoError,Available,No Error,2024-09-03T18:31:13+00:00,False
89438,13415,1,CCS2_400,1.0,500,,NoError,NoError,Unavailable,Connection lost.,2024-05-23T03:00:29+00:00,False
89439,13415,2,CCS2_400,4.0,500,,NoError,NoError,Unavailable,Connection lost.,2024-05-23T03:00:29+00:00,False
128238,19518,1,CCS2_400,1.0,500,,NoError,NoError,Available,No Error,2024-09-03T14:41:04+00:00,False
128239,19518,2,CCS2_400,4.0,500,,NoError,NoError,Available,No Error,2024-09-03T10:24:15+00:00,False
114057,17741,1,CCS2_400,1.0,500,,NoError,NoError,Available,No Error,2024-09-03T11:19:11+00:00,False
114058,17741,2,CCS2_400,4.0,500,,NoError,NoError,Available,No Error,2024-09-03T15:21:47+00:00,False
45527,6710,1,CCS2_400,1.0,500,,NoError,NoError,Available,No Error,2024-09-03T13:30:14+00:00,False
45528,6710,2,CCS2_400,4.0,500,,NoError,NoError,Available,No Error,2024-09-03T17:29:46+00:00,False
134411,19748,1,CCS2_400,1.0,500,,NoError,NoError,Available,No Error,2024-09-03T14:06:52+00:00,False
134412,19748,2,CCS2_400,4.0,500,,NoError,NoError,Available,No Error,2024-09-03T14:55:58+00:00,False
61543,8935,1,CCS2_400,1.0,500,,NoError,NoError,Available,No Error,2024-09-03T18:08:06+00:00,False
61544,8935,2,CCS2_400,4.0,500,,NoError,NoError,Available,No Error,2024-09-03T13:26:29+00:00,False
64413,9009,1,CCS2_400,1.0,500,,NoError,NoError,Available,No Error,2024-09-03T16:26:05+00:00,False
64414,9009,2,CCS2_400,4.0,500,,NoError,NoError,Available,No Error,2024-09-03T11:27:20+00:00,False
131035,20792,1,CCS2_400,1.0,500,,NoError,NoError,Available,No Error,2024-09-03T16:25:17+00:00,False
131036,20792,2,CCS2_400,4.0,500,,NoError,NoError,Available,No Error,2024-09-03T09:17:32+00:00,False
89871,13445,1,CCS2_400,1.0,500,,OtherError,Door Closed,Available,Door Closed,2024-09-03T15:44:00+00:00,False
89872,13445,2,CCS2_400,4.0,500,,OtherError,Door Closed,Available,Door Closed,2024-09-03T15:44:00+00:00,False
70523,10540,1,CCS2_400,1.0,500,,NoError,NoError,Available,No Error,2024-09-03T14:45:43+00:00,False
70524,10540,2,CCS2_400,4.0,500,,NoError,NoError,Available,No Error,2024-09-03T16:23:39+00:00,False
131049,20797,1,CCS2_400,1.0,500,,NoError,NoError,Available,No Error,2024-09-03T17:22:46+00:00,False
131050,20797,2,CCS2_400,4.0,500,,NoError,NoError,Available,No Error,2024-09-03T13:31:36+00:00,False
